,date,new_cases,new_deaths,new_tests,positive_rate,new_vaccinations
160818,2020-01-22,,,,,
160819,2020-01-23,0.0,,,,
160820,2020-01-24,1.0,,,,
160821,2020-01-25,0.0,,,,
160822,2020-01-26,1.0,,,,
160823,2020-01-27,1.0,,,,
160824,2020-01-28,0.0,,,,
160825,2020-01-29,0.0,,,,
160826,2020-01-30,0.0,,,,
160827,2020-01-31,7.0,,,,
160828,2020-02-01,1.0,,,,
160829,2020-02-02,3.0,,,,
160830,2020-02-03,0.0,,,,
160831,2020-02-04,1.0,,,,
160832,2020-02-05,3.0,,,,
160833,2020-02-06,4.0,,,,
160834,2020-02-07,1.0,,,,
160835,2020-02-08,0.0,,745.0,,
160836,2020-02-09,1.0,,501.0,,
160837,2020-02-10,2.0,,512.0,,
160838,2020-02-11,1.0,,1215.0,,
160839,2020-02-12,0.0,,1299.0,,
160840,2020-02-13,0.0,,887.0,,
160841,2020-02-14,0.0,,731.0,,
160842,2020-02-15,0.0,,492.0,0.0007,
160843,2020-02-16,1.0,,427.0,0.0007,
160844,2020-02-17,1.0,,557.0,0.0005,
160845,2020-02-18,1.0,,1054.0,0.0006,
160846,2020-02-19,0.0,,1401.0,0.0005,
160847,2020-02-20,73.0,1.0,2029.0,0.0114,
160848,2020-02-21,100.0,1.0,3198.0,0.0192,
160849,2020-02-22,229.0,0.0,5186.0,0.0292,
160850,2020-02-23,169.0,4.0,4593.0,0.0318,
160851,2020-02-24,231.0,2.0,6577.0,0.0334,
160852,2020-02-25,144.0,2.0,7548.0,0.031,
160853,2020-02-26,284.0,2.0,13249.0,0.028999999999999998,
160854,2020-02-27,505.0,1.0,13099.0,0.0311,
160855,2020-02-28,571.0,0.0,14515.0,0.0329,
160856,2020-02-29,813.0,3.0,12888.0,0.0375,
160857,2020-03-01,586.0,1.0,4866.0,0.0431,
160858,2020-03-02,599.0,11.0,10670.0,0.0456,
160859,2020-03-03,851.0,0.0,16260.0,0.0492,
160860,2020-03-04,435.0,7.0,10856.0,0.0524,
160861,2020-03-05,467.0,0.0,9834.0,0.0541,
160862,2020-03-06,505.0,7.0,18199.0,0.0509,
160863,2020-03-07,448.0,2.0,13449.0,0.0462,
160864,2020-03-08,273.0,6.0,10329.0,0.0399,
160865,2020-03-09,164.0,3.0,8100.0,0.0361,
160866,2020-03-10,35.0,1.0,13526.0,0.0276,
160867,2020-03-11,242.0,6.0,12251.0,0.0249,
160868,2020-03-12,114.0,6.0,12603.0,0.0201,
160869,2020-03-13,110.0,0.0,13649.0,0.0165,
160870,2020-03-14,107.0,6.0,12687.0,0.0126,
160871,2020-03-15,76.0,3.0,6878.0,0.0106,
160872,2020-03-16,74.0,0.0,6292.0,0.0097,
160873,2020-03-17,84.0,6.0,12212.0,0.0105,
160874,2020-03-18,93.0,3.0,8931.0,0.009000000000000001,
160875,2020-03-19,152.0,7.0,11377.0,0.0097,
160876,2020-03-20,87.0,3.0,9640.0,0.0099,
160877,2020-03-21,147.0,8.0,10845.0,0.0108,
160878,2020-03-22,162.0,9.0,4271.0,0.0126,
160879,2020-03-23,0.0,0.0,6256.0,0.0114,
160880,2020-03-24,76.0,9.0,10546.0,0.0116,
160881,2020-03-25,100.0,6.0,9314.0,0.0116,
160882,2020-03-26,104.0,5.0,7046.0,0.0117,
160883,2020-03-27,91.0,8.0,12019.0,0.0113,
160884,2020-03-28,146.0,5.0,10964.0,0.0112,
160885,2020-03-29,105.0,8.0,6216.0,0.01,
160886,2020-03-30,78.0,6.0,1053.0,0.0122,
160887,2020-03-31,125.0,4.0,15370.0,0.0121,
160888,2020-04-01,101.0,3.0,10983.0,0.0118,
160889,2020-04-02,89.0,4.0,10196.0,0.011000000000000001,
160890,2020-04-03,86.0,5.0,11530.0,0.011000000000000001,
160891,2020-04-04,94.0,3.0,11759.0,0.0101,
160892,2020-04-05,81.0,6.0,6201.0,0.0097,
160893,2020-04-06,47.0,3.0,5571.0,0.0087,
160894,2020-04-07,47.0,6.0,10500.0,0.0082,
160895,2020-04-08,53.0,8.0,8699.0,0.0077,
160896,2020-04-09,39.0,4.0,8708.0,0.0071,
160897,2020-04-10,27.0,4.0,8340.0,0.0065,
160898,2020-04-11,30.0,3.0,7428.0,0.0058,
160899,2020-04-12,32.0,3.0,4143.0,0.0052,
160900,2020-04-13,25.0,3.0,4121.0,0.0049,
160901,2020-04-14,27.0,5.0,8695.0,0.0046,
160902,2020-04-15,27.0,3.0,7114.0,0.0043,
160903,2020-04-16,22.0,4.0,4223.0,0.0043,
160904,2020-04-17,22.0,1.0,7688.0,0.0043,
160905,2020-04-18,18.0,2.0,8371.0,0.0039,
160906,2020-04-19,8.0,2.0,4275.0,0.0033,
160907,2020-04-20,13.0,2.0,3926.0,0.0031,
160908,2020-04-21,9.0,1.0,7979.0,0.0027,
160909,2020-04-22,11.0,1.0,6945.0,0.0024,
160910,2020-04-23,14.0,2.0,6012.0,0.0021,
160911,2020-04-24,10.0,0.0,5549.0,0.0019,
160912,2020-04-25,10.0,2.0,5641.0,0.0019,
160913,2020-04-26,10.0,1.0,3124.0,0.002,
160914,2020-04-27,14.0,1.0,3375.0,0.002,
160915,2020-04-28,9.0,2.0,6854.0,0.0021,
160916,2020-04-29,4.0,1.0,5683.0,0.002,
160917,2020-04-30,9.0,1.0,5684.0,0.0018,
160918,2020-05-01,6.0,2.0,3188.0,0.0018,
160919,2020-05-02,13.0,0.0,4493.0,0.002,
160920,2020-05-03,8.0,2.0,3411.0,0.0019,
160921,2020-05-04,3.0,2.0,2948.0,0.0016,
160922,2020-05-05,2.0,1.0,6316.0,0.0014,
160923,2020-05-06,4.0,1.0,2858.0,0.0016,
160924,2020-05-07,12.0,0.0,6293.0,0.0016,
160925,2020-05-08,18.0,0.0,5475.0,0.0019,
160926,2020-05-09,34.0,0.0,5167.0,0.0025,
160927,2020-05-10,35.0,0.0,3856.0,0.0033,
160928,2020-05-11,27.0,2.0,4606.0,0.0038,
160929,2020-05-12,26.0,1.0,12398.0,0.0038,
160930,2020-05-13,29.0,1.0,15030.0,0.0034,
160931,2020-05-14,27.0,0.0,15564.0,0.0032,
160932,2020-05-15,19.0,2.0,15263.0,0.0027,
160933,2020-05-16,13.0,0.0,13898.0,0.0022,
160934,2020-05-17,15.0,1.0,7008.0,0.0019,
160935,2020-05-18,13.0,0.0,5558.0,0.0017,
160936,2020-05-19,32.0,0.0,12363.0,0.0017,
160937,2020-05-20,12.0,1.0,10859.0,0.0016,
160938,2020-05-21,20.0,0.0,12251.0,0.0016,
160939,2020-05-22,23.0,2.0,13734.0,0.0017,
160940,2020-05-23,25.0,0.0,12002.0,0.0019,
160941,2020-05-24,16.0,1.0,5869.0,0.0019,
160942,2020-05-25,19.0,2.0,6148.0,0.002,
160943,2020-05-26,40.0,0.0,13038.0,0.0021,
160944,2020-05-27,79.0,0.0,13401.0,0.0029,
160945,2020-05-28,58.0,0.0,15790.0,0.0033,
160946,2020-05-29,39.0,0.0,16454.0,0.0033,
160947,2020-05-30,27.0,1.0,17781.0,0.0031,
160948,2020-05-31,35.0,1.0,7921.0,0.0033,
160949,2020-06-01,38.0,1.0,10569.0,0.0033,
160950,2020-06-02,49.0,1.0,18460.0,0.0032,
160951,2020-06-03,39.0,0.0,17001.0,0.0027,
160952,2020-06-04,39.0,0.0,17006.0,0.0025,
160953,2020-06-05,51.0,0.0,17102.0,0.0026,
160954,2020-06-06,57.0,0.0,14345.0,0.003,
160955,2020-06-07,38.0,0.0,7464.0,0.0031,
160956,2020-06-08,38.0,1.0,5445.0,0.0032,
160957,2020-06-09,50.0,2.0,17783.0,0.0032,
160958,2020-06-10,45.0,0.0,15975.0,0.0033,
160959,2020-06-11,56.0,1.0,14916.0,0.0036,
160960,2020-06-12,48.0,0.0,14599.0,0.0037,
160961,2020-06-13,34.0,0.0,13217.0,0.0035,
160962,2020-06-14,36.0,0.0,5624.0,0.0035,
160963,2020-06-15,34.0,1.0,5391.0,0.0035,
160964,2020-06-16,43.0,1.0,14048.0,0.0035,
160965,2020-06-17,59.0,1.0,13056.0,0.0038,
160966,2020-06-18,49.0,0.0,12889.0,0.0038,
160967,2020-06-19,67.0,0.0,12351.0,0.0042,
160968,2020-06-20,48.0,0.0,12838.0,0.0044,
160969,2020-06-21,17.0,0.0,5562.0,0.0042,
160970,2020-06-22,46.0,1.0,5603.0,0.0043,
160971,2020-06-23,51.0,0.0,13946.0,0.0044,
160972,2020-06-24,28.0,1.0,12585.0,0.004,
160973,2020-06-25,39.0,0.0,11881.0,0.004,
160974,2020-06-26,51.0,0.0,11837.0,0.0038,
160975,2020-06-27,62.0,0.0,11465.0,0.004,
160976,2020-06-28,42.0,0.0,7915.0,0.0042,
160977,2020-06-29,43.0,0.0,8259.0,0.0041,
160978,2020-06-30,50.0,0.0,13812.0,0.0041,
160979,2020-07-01,54.0,0.0,11465.0,0.0044,
160980,2020-07-02,63.0,0.0,10731.0,0.0048,
160981,2020-07-03,63.0,1.0,11799.0,0.005,
160982,2020-07-04,61.0,0.0,11762.0,0.005,
160983,2020-07-05,46.0,1.0,6532.0,0.0051,
160984,2020-07-06,44.0,1.0,5741.0,0.0053,
160985,2020-07-07,63.0,0.0,14398.0,0.0054,
160986,2020-07-08,49.0,2.0,13541.0,0.0052,
160987,2020-07-09,45.0,1.0,12036.0,0.0049,
160988,2020-07-10,35.0,0.0,13119.0,0.0044,
160989,2020-07-11,44.0,1.0,12051.0,0.0042,
160990,2020-07-12,62.0,0.0,5203.0,0.0045,
160991,2020-07-13,33.0,0.0,6168.0,0.0043,
160992,2020-07-14,39.0,0.0,12304.0,0.0041,
160993,2020-07-15,61.0,2.0,10700.0,0.0045,
160994,2020-07-16,60.0,2.0,10032.0,0.0048,
160995,2020-07-17,39.0,1.0,9669.0,0.0051,
160996,2020-07-18,34.0,1.0,9187.0,0.0052,
160997,2020-07-19,26.0,1.0,5095.0,0.0046,
160998,2020-07-20,45.0,0.0,4894.0,0.0049,
160999,2020-07-21,63.0,1.0,12197.0,0.0053,
161000,2020-07-22,59.0,0.0,9681.0,0.0054,
161001,2020-07-23,41.0,1.0,8783.0,0.0052,
161002,2020-07-24,113.0,0.0,9473.0,0.0064,
161003,2020-07-25,58.0,0.0,8307.0,0.0069,
161004,2020-07-26,25.0,1.0,4292.0,0.006999999999999999,
161005,2020-07-27,28.0,1.0,4048.0,0.0068,
161006,2020-07-28,48.0,0.0,10730.0,0.0067,
161007,2020-07-29,18.0,0.0,9603.0,0.006,
161008,2020-07-30,36.0,1.0,8908.0,0.0059,
161009,2020-07-31,31.0,0.0,7581.0,0.0046,
161010,2020-08-01,30.0,0.0,8034.0,0.0041,
161011,2020-08-02,23.0,0.0,4416.0,0.004,
161012,2020-08-03,34.0,0.0,3511.0,0.0042,
161013,2020-08-04,33.0,1.0,10023.0,0.0039,
161014,2020-08-05,43.0,0.0,8407.0,0.0045,
161015,2020-08-06,20.0,1.0,8300.0,0.0043,
161016,2020-08-07,43.0,1.0,7165.0,0.0045,
161017,2020-08-08,36.0,1.0,6862.0,0.0048,
161018,2020-08-09,28.0,0.0,4136.0,0.0049,
161019,2020-08-10,34.0,0.0,3653.0,0.0049,
161020,2020-08-11,54.0,0.0,9541.0,0.0054,
161021,2020-08-12,56.0,0.0,8808.0,0.0056,
161022,2020-08-13,103.0,0.0,8246.0,0.0073,
161023,2020-08-14,166.0,0.0,10186.0,0.0093,
161024,2020-08-15,279.0,0.0,10212.0,0.0131,
161025,2020-08-16,197.0,0.0,6491.0,0.0156,
161026,2020-08-17,246.0,1.0,6683.0,0.0183,
161027,2020-08-18,297.0,0.0,8572.0,0.0227,
161028,2020-08-19,288.0,1.0,18022.0,0.023,
161029,2020-08-20,324.0,2.0,19019.0,0.0227,
161030,2020-08-21,332.0,0.0,20040.0,0.022000000000000002,
161031,2020-08-22,397.0,0.0,21677.0,0.0207,
161032,2020-08-23,266.0,0.0,15386.0,0.0197,
161033,2020-08-24,280.0,1.0,13236.0,0.0188,
161034,2020-08-25,320.0,2.0,21415.0,0.0171,
161035,2020-08-26,441.0,1.0,23669.0,0.0176,
161036,2020-08-27,371.0,3.0,20073.0,0.0178,
161037,2020-08-28,323.0,5.0,18138.0,0.0179,
161038,2020-08-29,299.0,2.0,21612.0,0.0172,
161039,2020-08-30,248.0,1.0,14841.0,0.0172,
161040,2020-08-31,235.0,0.0,13519.0,0.0168,
161041,2020-09-01,267.0,2.0,21391.0,0.0164,
161042,2020-09-02,195.0,3.0,21215.0,0.0148,
161043,2020-09-03,198.0,2.0,20257.0,0.0135,
161044,2020-09-04,168.0,2.0,21354.0,0.012,
161045,2020-09-05,167.0,1.0,15139.0,0.0116,
161046,2020-09-06,119.0,2.0,8890.0,0.0111,
161047,2020-09-07,136.0,5.0,5362.0,0.011000000000000001,
161048,2020-09-08,156.0,3.0,14781.0,0.0106,
161049,2020-09-09,155.0,2.0,16156.0,0.0108,
161050,2020-09-10,176.0,4.0,17357.0,0.0109,
161051,2020-09-11,136.0,5.0,19620.0,0.0107,
161052,2020-09-12,121.0,3.0,16246.0,0.0102,
161053,2020-09-13,109.0,5.0,7813.0,0.0102,
161054,2020-09-14,106.0,4.0,7732.0,0.0096,
161055,2020-09-15,113.0,0.0,13576.0,0.0093,
161056,2020-09-16,153.0,5.0,14254.0,0.0095,
161057,2020-09-17,126.0,5.0,13060.0,0.0094,
161058,2020-09-18,110.0,1.0,14473.0,0.0096,
161059,2020-09-19,82.0,5.0,12797.0,0.0095,
161060,2020-09-20,70.0,2.0,7539.0,0.0091,
161061,2020-09-21,61.0,3.0,4888.0,0.0089,
161062,2020-09-22,110.0,0.0,13523.0,0.0088,
161063,2020-09-23,125.0,5.0,11787.0,0.0088,
161064,2020-09-24,114.0,2.0,12100.0,0.0087,
161065,2020-09-25,61.0,4.0,11277.0,0.0084,
161066,2020-09-26,95.0,2.0,10069.0,0.0089,
161067,2020-09-27,50.0,5.0,6172.0,0.0088,
161068,2020-09-28,38.0,1.0,4786.0,0.0085,
161069,2020-09-29,113.0,6.0,11741.0,0.0088,
161070,2020-09-30,77.0,2.0,9955.0,0.0083,
161071,2020-10-01,63.0,1.0,5436.0,0.0084,
161072,2020-10-02,75.0,4.0,5342.0,0.0096,
161073,2020-10-03,64.0,1.0,6082.0,0.0097,
161074,2020-10-04,73.0,1.0,6486.0,0.0101,
161075,2020-10-05,75.0,0.0,6033.0,0.0106,
161076,2020-10-06,114.0,3.0,13055.0,0.0103,
161077,2020-10-07,69.0,2.0,12640.0,0.0097,
161078,2020-10-08,54.0,1.0,10771.0,0.0087,
161079,2020-10-09,72.0,2.0,11389.0,0.0078,
161080,2020-10-10,58.0,2.0,4451.0,0.0079,
161081,2020-10-11,97.0,1.0,5799.0,0.0084,
161082,2020-10-12,102.0,1.0,5127.0,0.009000000000000001,
161083,2020-10-13,84.0,4.0,13161.0,0.0085,
161084,2020-10-14,99.0,1.0,12683.0,0.0089,
161085,2020-10-15,47.0,2.0,9285.0,0.009000000000000001,
161086,2020-10-16,73.0,2.0,8687.0,0.0095,
161087,2020-10-17,91.0,1.0,9101.0,0.0093,
161088,2020-10-18,76.0,0.0,6002.0,0.0089,
161089,2020-10-19,58.0,3.0,4697.0,0.0083,
161090,2020-10-20,91.0,3.0,12085.0,0.0086,
161091,2020-10-21,119.0,3.0,12180.0,0.0089,
161092,2020-10-22,155.0,2.0,11834.0,0.0103,
161093,2020-10-23,77.0,2.0,13296.0,0.0096,
161094,2020-10-24,61.0,0.0,12058.0,0.0088,
161095,2020-10-25,119.0,0.0,5467.0,0.0095,
161096,2020-10-26,88.0,3.0,6118.0,0.0097,
161097,2020-10-27,103.0,1.0,15323.0,0.0095,
161098,2020-10-28,125.0,1.0,15373.0,0.0092,
161099,2020-10-29,114.0,1.0,15018.0,0.0083,
161100,2020-10-30,126.0,1.0,14253.0,0.0088,
161101,2020-10-31,124.0,2.0,12261.0,0.0095,
161102,2020-11-01,97.0,2.0,6138.0,0.0092,
161103,2020-11-02,75.0,4.0,6020.0,0.0091,
161104,2020-11-03,118.0,2.0,13209.0,0.0095,
161105,2020-11-04,125.0,1.0,12401.0,0.0098,
161106,2020-11-05,145.0,1.0,11446.0,0.0107,
161107,2020-11-06,89.0,1.0,12608.0,0.0104,
161108,2020-11-07,143.0,1.0,10935.0,0.0109,
161109,2020-11-08,126.0,2.0,5631.0,0.0114,
161110,2020-11-09,100.0,5.0,6319.0,0.0117,
161111,2020-11-10,146.0,2.0,14761.0,0.0118,
161112,2020-11-11,143.0,0.0,12574.0,0.012,
161113,2020-11-12,191.0,1.0,13238.0,0.0123,
161114,2020-11-13,205.0,4.0,11639.0,0.013999999999999999,
161115,2020-11-14,208.0,1.0,15878.0,0.013999999999999999,
161116,2020-11-15,223.0,1.0,9589.0,0.0145,
161117,2020-11-16,229.0,0.0,10813.0,0.0152,
161118,2020-11-17,313.0,2.0,18064.0,0.0165,
161119,2020-11-18,343.0,2.0,18607.0,0.0175,
161120,2020-11-19,363.0,3.0,19481.0,0.0181,
161121,2020-11-20,386.0,2.0,19600.0,0.0184,
161122,2020-11-21,330.0,2.0,23303.0,0.0183,
161123,2020-11-22,271.0,4.0,12144.0,0.0183,
161124,2020-11-23,349.0,1.0,13245.0,0.0189,
161125,2020-11-24,382.0,3.0,24264.0,0.0186,
161126,2020-11-25,583.0,2.0,20006.0,0.0202,
161127,2020-11-26,569.0,1.0,21641.0,0.0214,
161128,2020-11-27,488.0,6.0,21531.0,0.0218,
161129,2020-11-28,449.0,1.0,22427.0,0.0229,
161130,2020-11-29,377.0,3.0,14967.0,0.0232,
161131,2020-11-30,451.0,0.0,14201.0,0.0237,
161132,2020-12-01,511.0,0.0,22825.0,0.0249,
161133,2020-12-02,540.0,3.0,22973.0,0.0241,
161134,2020-12-03,629.0,7.0,24916.0,0.0239,
161135,2020-12-04,583.0,4.0,25524.0,0.0239,
161136,2020-12-05,631.0,5.0,23086.0,0.0251,
161137,2020-12-06,615.0,4.0,14371.0,0.0268,
161138,2020-12-07,594.0,3.0,14509.0,0.0277,
161139,2020-12-08,677.0,4.0,11949.0,0.0311,
161140,2020-12-09,666.0,8.0,31911.0,0.03,
161141,2020-12-10,688.0,8.0,24711.0,0.0305,
161142,2020-12-11,950.0,6.0,33266.0,0.0313,
161143,2020-12-12,1030.0,2.0,38651.0,0.0308,
161144,2020-12-13,718.0,7.0,24731.0,0.0296,
161145,2020-12-14,880.0,13.0,22444.0,0.0299,
161146,2020-12-15,1078.0,12.0,44181.0,0.0273,
161147,2020-12-16,1011.0,22.0,47549.0,0.027000000000000003,
161148,2020-12-17,1062.0,11.0,50071.0,0.0258,
161149,2020-12-18,1055.0,14.0,,0.0299,
161150,2020-12-19,1095.0,15.0,,0.0362,
161151,2020-12-20,926.0,24.0,,0.0427,
161152,2020-12-21,869.0,24.0,,0.0491,
161153,2020-12-22,1090.0,17.0,,0.0703,
161154,2020-12-23,983.0,17.0,,0.1305,
161155,2020-12-24,1237.0,17.0,,,
161156,2020-12-25,1132.0,20.0,,,
161157,2020-12-26,970.0,15.0,,,
161158,2020-12-27,808.0,11.0,,,
161159,2020-12-28,1045.0,40.0,,,
161160,2020-12-29,1048.0,20.0,,,
161161,2020-12-30,967.0,21.0,,,
161162,2020-12-31,1029.0,17.0,,,
161163,2021-01-01,824.0,25.0,,,
161164,2021-01-02,651.0,20.0,,,
161165,2021-01-03,1020.0,19.0,,,
161166,2021-01-04,715.0,26.0,,,
161167,2021-01-05,839.0,20.0,,,
161168,2021-01-06,868.0,19.0,,,
161169,2021-01-07,672.0,35.0,,,
161170,2021-01-08,641.0,19.0,,,
161171,2021-01-09,665.0,25.0,,,
161172,2021-01-10,450.0,15.0,,0.9955,
161173,2021-01-11,537.0,25.0,,0.9589,
161174,2021-01-12,561.0,20.0,,0.9019,
161175,2021-01-13,516.0,10.0,,0.8296,
161176,2021-01-14,513.0,22.0,,0.797,
161177,2021-01-15,579.0,19.0,,0.7843,
161178,2021-01-16,520.0,13.0,,0.7545,
161179,2021-01-17,389.0,15.0,,0.742,
161180,2021-01-18,386.0,19.0,,0.711,
161181,2021-01-19,403.0,17.0,,0.6786,
161182,2021-01-20,400.0,16.0,,0.6548,
161183,2021-01-21,344.0,12.0,,0.6201,
161184,2021-01-22,430.0,9.0,,0.5895,
161185,2021-01-23,392.0,12.0,,0.5632,
161186,2021-01-24,437.0,11.0,,0.5731,
161187,2021-01-25,354.0,11.0,,0.5665,
161188,2021-01-26,554.0,7.0,,0.5975,
161189,2021-01-27,497.0,8.0,,0.6174,
161190,2021-01-28,469.0,13.0,,0.6431,
161191,2021-01-29,455.0,15.0,,0.6482,
161192,2021-01-30,355.0,6.0,,0.6406,
161193,2021-01-31,303.0,5.0,,0.6131,
161194,2021-02-01,336.0,10.0,,0.6094,
161195,2021-02-02,467.0,6.0,,0.5915,
161196,2021-02-03,451.0,7.0,,0.5821,
161197,2021-02-04,369.0,11.0,,0.5616,
161198,2021-02-05,393.0,5.0,,0.5489,
161199,2021-02-06,372.0,7.0,,0.5523,
161200,2021-02-07,289.0,3.0,,0.5495,
161201,2021-02-08,302.0,8.0,,0.5425,
161202,2021-02-09,443.0,4.0,,0.5376,
161203,2021-02-10,504.0,10.0,,0.5484,
161204,2021-02-11,403.0,11.0,,0.5554,
161205,2021-02-12,362.0,7.0,,0.5491,
161206,2021-02-13,326.0,8.0,,0.5396,
161207,2021-02-14,344.0,5.0,,0.5509,
161208,2021-02-15,456.0,7.0,,0.5825,
161209,2021-02-16,621.0,4.0,,0.619,
161210,2021-02-17,621.0,6.0,,0.6431,
161211,2021-02-18,561.0,6.0,,0.6755,
161212,2021-02-19,446.0,3.0,,0.6927,
161213,2021-02-20,418.0,4.0,,0.7116,
161214,2021-02-21,332.0,5.0,,0.7092,
161215,2021-02-22,357.0,11.0,,0.6888,
161216,2021-02-23,439.0,3.0,,0.6515,
161217,2021-02-24,396.0,5.0,,0.6053,
161218,2021-02-25,406.0,4.0,,0.5735,
161219,2021-02-26,399.0,10.0,,0.5638,
161220,2021-02-27,355.0,8.0,,0.5509,1942.0
161221,2021-02-28,355.0,2.0,,0.5556,1124.0
161222,2021-03-01,341.0,1.0,,0.5523,2170.0
161223,2021-03-02,444.0,6.0,,0.5534,66503.0
161224,2021-03-03,424.0,7.0,,0.5591,69663.0
161225,2021-03-04,398.0,8.0,,0.5575,71186.0
161226,2021-03-05,417.0,5.0,,0.5612,71539.0
161227,2021-03-06,416.0,2.0,,0.5737,18594.0
161228,2021-03-07,346.0,8.0,,0.5718,2496.0
161229,2021-03-08,446.0,3.0,,0.5934,68318.0
161230,2021-03-09,470.0,3.0,,0.5987,64690.0
161231,2021-03-10,465.0,4.0,,0.6071,55291.0
161232,2021-03-11,488.0,10.0,,0.6256,45841.0
161233,2021-03-12,490.0,5.0,,0.6406,39497.0
161234,2021-03-13,459.0,2.0,,0.6494,4612.0
161235,2021-03-14,382.0,6.0,,0.6568,1868.0
161236,2021-03-15,363.0,3.0,,0.6398,14433.0
161237,2021-03-16,469.0,8.0,,0.6396,20823.0
161238,2021-03-17,445.0,2.0,,0.6355,21694.0
161239,2021-03-18,463.0,2.0,,0.6303,21244.0
161240,2021-03-19,452.0,3.0,,0.6225,18938.0
161241,2021-03-20,456.0,3.0,,0.6219,2477.0
161242,2021-03-21,410.0,1.0,,0.6277,1235.0
161243,2021-03-22,346.0,7.0,,0.6242,5459.0
161244,2021-03-23,425.0,3.0,,0.6151,22660.0
161245,2021-03-24,430.0,2.0,,0.6121,30989.0
161246,2021-03-25,494.0,7.0,,0.6184,35482.0
161247,2021-03-26,505.0,5.0,,0.6293,27630.0
161248,2021-03-27,482.0,1.0,,0.6346,2829.0
161249,2021-03-28,384.0,4.0,,0.6293,1094.0
161250,2021-03-29,441.0,3.0,,0.6488,28180.0
161251,2021-03-30,506.0,2.0,,0.6654,31491.0
161252,2021-03-31,551.0,4.0,,0.6903,29303.0
161253,2021-04-01,555.0,2.0,,0.7028,45974.0
161254,2021-04-02,542.0,3.0,,0.7104,47847.0
161255,2021-04-03,543.0,4.0,,0.7229,10498.0
161256,2021-04-04,473.0,4.0,,0.7412,1508.0
161257,2021-04-05,478.0,4.0,,0.7488,38710.0
161258,2021-04-06,668.0,4.0,,0.782,46634.0
161259,2021-04-07,700.0,2.0,,0.8126,49513.0
161260,2021-04-08,671.0,6.0,,0.8364,50101.0
161261,2021-04-09,676.0,1.0,,0.8639,44737.0
161262,2021-04-10,614.0,3.0,,0.8785,12181.0
161263,2021-04-11,587.0,2.0,,0.9019,1622.0
161264,2021-04-12,542.0,5.0,,0.915,41436.0
161265,2021-04-13,731.0,7.0,,0.9279999999999999,46838.0
161266,2021-04-14,698.0,6.0,,0.9275,48195.0
161267,2021-04-15,672.0,2.0,,0.9278,95099.0
161268,2021-04-16,655.0,4.0,,0.9234,105407.0
161269,2021-04-17,671.0,3.0,,0.9351,31166.0
161270,2021-04-18,531.0,4.0,,0.9236,6056.0
161271,2021-04-19,549.0,1.0,,0.9251,124034.0
161272,2021-04-20,731.0,4.0,,0.9251,132750.0
161273,2021-04-21,735.0,2.0,,0.9327,134760.0
161274,2021-04-22,797.0,3.0,,0.9583,152364.0
161275,2021-04-23,785.0,1.0,,0.985,181502.0
161276,2021-04-24,644.0,1.0,,0.9795,72619.0
161277,2021-04-25,500.0,4.0,,0.9731,8133.0
161278,2021-04-26,511.0,3.0,,0.9653,165511.0
161279,2021-04-27,775.0,1.0,,0.9743,199995.0
161280,2021-04-28,678.0,4.0,,0.9626,253647.0
161281,2021-04-29,656.0,3.0,,0.9337,293188.0
161282,2021-04-30,627.0,3.0,,0.9013,309237.0
161283,2021-05-01,606.0,2.0,,0.8935,49869.0
161284,2021-05-02,488.0,1.0,,0.8909999999999999,3711.0
161285,2021-05-03,541.0,6.0,,0.8972,119000.0
161286,2021-05-04,676.0,7.0,,0.8768,108713.0
161287,2021-05-05,574.0,4.0,,0.8555,33519.0
161288,2021-05-06,525.0,9.0,,0.8286,133767.0
161289,2021-05-07,701.0,5.0,,0.8438,127777.0
161290,2021-05-08,564.0,9.0,,0.8352,42360.0
161291,2021-05-09,463.0,1.0,,0.83,6511.0
161292,2021-05-10,511.0,4.0,,0.8239,93689.0
161293,2021-05-11,635.0,5.0,,0.8155,91648.0
161294,2021-05-12,715.0,7.0,,0.8444,91578.0
161295,2021-05-13,747.0,2.0,,0.89,89555.0
161296,2021-05-14,681.0,3.0,,0.8859,94162.0
161297,2021-05-15,610.0,4.0,,0.8953,34138.0
161298,2021-05-16,619.0,3.0,,0.9273,7299.0
161299,2021-05-17,528.0,1.0,,0.9308,115740.0
161300,2021-05-18,653.0,8.0,,0.9345,155830.0
161301,2021-05-19,646.0,4.0,,0.9204,97111.0
161302,2021-05-20,561.0,6.0,,0.8822,224780.0
161303,2021-05-21,666.0,4.0,,0.8791,241673.0
161304,2021-05-22,585.0,5.0,,0.8740000000000001,43009.0
161305,2021-05-23,538.0,3.0,,0.8573,4255.0
161306,2021-05-24,516.0,4.0,,0.8549,177692.0
161307,2021-05-25,699.0,2.0,,0.8643,173763.0
161308,2021-05-26,629.0,3.0,,0.8608,157376.0
161309,2021-05-27,587.0,3.0,,0.8662,717884.0
161310,2021-05-28,533.0,5.0,,0.8389,611523.0
161311,2021-05-29,479.0,6.0,,0.8171,175695.0
161312,2021-05-30,430.0,2.0,,0.795,6857.0
161313,2021-05-31,459.0,4.0,,0.7833,415143.0
161314,2021-06-01,677.0,2.0,,0.7787,595581.0
161315,2021-06-02,681.0,3.0,,0.7894,407282.0
161316,2021-06-03,695.0,1.0,,0.8116,371776.0
161317,2021-06-04,744.0,2.0,,0.8549,401509.0
161318,2021-06-05,556.0,2.0,,0.8707,144804.0
161319,2021-06-06,485.0,1.0,,0.882,4727.0
161320,2021-06-07,454.0,1.0,,0.8809999999999999,915833.0
161321,2021-06-08,601.0,2.0,,0.8654,772938.0
161322,2021-06-09,611.0,2.0,,0.851,619004.0
161323,2021-06-10,556.0,2.0,,0.8225,803991.0
161324,2021-06-11,563.0,1.0,,0.7853,864089.0
161325,2021-06-12,452.0,3.0,,0.764,396449.0
161326,2021-06-13,399.0,3.0,,0.7463,30148.0
161327,2021-06-14,374.0,4.0,,0.7299,856242.0
161328,2021-06-15,544.0,1.0,,0.7182,744634.0
161329,2021-06-16,540.0,1.0,,0.7036,674368.0
161330,2021-06-17,507.0,2.0,,0.6936,548155.0
161331,2021-06-18,482.0,1.0,,0.6769,636515.0
161332,2021-06-19,429.0,5.0,,0.6722,235796.0
161333,2021-06-20,357.0,2.0,,0.6636,3430.0
161334,2021-06-21,395.0,2.0,,0.6679,163462.0
161335,2021-06-22,644.0,1.0,,0.6884,173738.0
161336,2021-06-23,610.0,1.0,,0.7028,165229.0
161337,2021-06-24,634.0,1.0,,0.7289,155330.0
161338,2021-06-25,668.0,3.0,,0.767,163348.0
161339,2021-06-26,614.0,1.0,,0.805,37465.0
161340,2021-06-27,501.0,2.0,,0.8346,2839.0
161341,2021-06-28,595.0,2.0,,0.8756,159567.0
161342,2021-06-29,794.0,1.0,,0.9064,163883.0
161343,2021-06-30,762.0,3.0,,0.9376,154175.0
161344,2021-07-01,826.0,3.0,,0.977,128138.0
161345,2021-07-02,793.0,1.0,,,129286.0
161346,2021-07-03,742.0,1.0,,,21148.0
161347,2021-07-04,711.0,2.0,,,2598.0
161348,2021-07-05,746.0,4.0,,,134614.0
161349,2021-07-06,1212.0,1.0,,,133077.0
161350,2021-07-07,1275.0,1.0,,,128009.0
161351,2021-07-08,1316.0,2.0,,,148249.0
161352,2021-07-09,1378.0,2.0,,,210694.0
161353,2021-07-10,1324.0,5.0,,,54844.0
161354,2021-07-11,1100.0,1.0,,,3353.0
161355,2021-07-12,1150.0,2.0,,,127993.0
161356,2021-07-13,1615.0,2.0,,,221253.0
161357,2021-07-14,1600.0,2.0,,,237535.0
161358,2021-07-15,1535.0,1.0,,,268973.0
161359,2021-07-16,1454.0,4.0,,,322454.0
161360,2021-07-17,1451.0,2.0,,,73739.0
161361,2021-07-18,1252.0,1.0,,,4695.0
161362,2021-07-19,1278.0,1.0,,,234458.0
161363,2021-07-20,1784.0,1.0,,,215179.0
161364,2021-07-21,1838.0,3.0,,,182834.0
161365,2021-07-22,1630.0,3.0,,,203809.0
161366,2021-07-23,1629.0,2.0,,,210200.0
161367,2021-07-24,1486.0,5.0,,,43114.0
161368,2021-07-25,1318.0,4.0,,,3608.0
161369,2021-07-26,1365.0,2.0,,,687569.0
161370,2021-07-27,1896.0,4.0,,,434038.0
161371,2021-07-28,1672.0,2.0,,,526056.0
161372,2021-07-29,1707.0,4.0,,,394489.0
161373,2021-07-30,1539.0,6.0,,,560904.0
161374,2021-07-31,1442.0,3.0,,,231772.0
161375,2021-08-01,1215.0,1.0,,,30280.0
161376,2021-08-02,1201.0,5.0,,,516369.0
161377,2021-08-03,1723.0,2.0,,,331065.0
161378,2021-08-04,1776.0,3.0,,,279680.0
161379,2021-08-05,1704.0,4.0,,,324043.0
161380,2021-08-06,1822.0,3.0,,,415717.0
161381,2021-08-07,1728.0,5.0,,,160200.0
161382,2021-08-08,1492.0,4.0,,,32073.0
161383,2021-08-09,1539.0,9.0,,,613726.0
161384,2021-08-10,2219.0,1.0,,,436198.0
161385,2021-08-11,1986.0,3.0,,,344488.0
161386,2021-08-12,1990.0,6.0,,,878161.0
161387,2021-08-13,1929.0,4.0,,,867073.0
161388,2021-08-14,1817.0,8.0,,,327734.0
161389,2021-08-15,1553.0,11.0,,,25424.0
161390,2021-08-16,1373.0,6.0,,,931066.0
161391,2021-08-17,1803.0,5.0,,,1223572.0
161392,2021-08-18,2151.0,13.0,,,846233.0
161393,2021-08-19,2051.0,6.0,,,801095.0
161394,2021-08-20,1880.0,5.0,,,1026880.0
161395,2021-08-21,1627.0,13.0,,,490617.0
161396,2021-08-22,1416.0,7.0,,,43754.0
161397,2021-08-23,1505.0,6.0,,,1104853.0
161398,2021-08-24,2152.0,9.0,,,1002729.0
161399,2021-08-25,1878.0,20.0,,,846922.0
161400,2021-08-26,1841.0,8.0,,,1072442.0
161401,2021-08-27,1793.0,11.0,,,1148535.0
161402,2021-08-28,1617.0,3.0,,,527483.0
161403,2021-08-29,1483.0,5.0,,,30948.0
161404,2021-08-30,1370.0,1.0,,,981302.0
161405,2021-08-31,2024.0,7.0,,,764106.0
161406,2021-09-01,1956.0,11.0,,,697964.0
161407,2021-09-02,1709.0,5.0,,,669540.0
161408,2021-09-03,1803.0,7.0,,,917621.0
161409,2021-09-04,1491.0,6.0,,,371898.0
161410,2021-09-05,1374.0,6.0,,,15196.0
161411,2021-09-06,1596.0,3.0,,,1370792.0
161412,2021-09-07,2049.0,4.0,,,985973.0
161413,2021-09-08,2047.0,9.0,,,682644.0
161414,2021-09-09,1892.0,5.0,,,722227.0
161415,2021-09-10,1865.0,10.0,,,1061771.0
161416,2021-09-11,1755.0,1.0,,,532557.0
161417,2021-09-12,1433.0,1.0,,,45563.0
161418,2021-09-13,1495.0,7.0,,,1245189.0
161419,2021-09-14,2079.0,13.0,,,818079.0
161420,2021-09-15,1941.0,6.0,,,807883.0
161421,2021-09-16,2008.0,3.0,,,736078.0
161422,2021-09-17,2084.0,5.0,,,1095962.0
161423,2021-09-18,1909.0,10.0,,,579258.0
161424,2021-09-19,1605.0,5.0,,,47888.0
161425,2021-09-20,1727.0,4.0,,,45055.0
161426,2021-09-21,1720.0,6.0,,,12005.0
161427,2021-09-22,1716.0,8.0,,,44781.0
161428,2021-09-23,2433.0,7.0,,,935427.0
161429,2021-09-24,3270.0,7.0,,,1029508.0
161430,2021-09-25,2770.0,9.0,,,529313.0
161431,2021-09-26,2381.0,6.0,,,50428.0
161432,2021-09-27,2289.0,8.0,,,1127212.0
161433,2021-09-28,2883.0,10.0,,,946313.0
161434,2021-09-29,2564.0,7.0,,,755770.0
161435,2021-09-30,2484.0,16.0,,,884677.0
161436,2021-10-01,2247.0,7.0,,,1097490.0
161437,2021-10-02,2085.0,3.0,,,531032.0
161438,2021-10-03,1672.0,6.0,,,37342.0
161439,2021-10-04,1575.0,11.0,,,236591.0
161440,2021-10-05,2027.0,12.0,,,810621.0
161441,2021-10-06,2425.0,8.0,,,547042.0
161442,2021-10-07,2172.0,10.0,,,747164.0
161443,2021-10-08,1949.0,6.0,,,1144064.0
161444,2021-10-09,1594.0,15.0,,,115411.0
161445,2021-10-10,1297.0,8.0,,,21193.0
161446,2021-10-11,1347.0,11.0,,,260816.0
161447,2021-10-12,1579.0,11.0,,,708034.0
161448,2021-10-13,1937.0,13.0,,,470050.0
161449,2021-10-14,1682.0,8.0,,,514630.0
161450,2021-10-15,1617.0,18.0,,,812335.0
161451,2021-10-16,1418.0,16.0,,,419939.0
161452,2021-10-17,1049.0,8.0,,,21661.0
161453,2021-10-18,1073.0,21.0,,,703978.0
161454,2021-10-19,1570.0,9.0,,,486728.0
161455,2021-10-20,1441.0,11.0,,,397459.0
161456,2021-10-21,1440.0,16.0,,,474697.0
161457,2021-10-22,1507.0,20.0,,,706161.0
161458,2021-10-23,1423.0,21.0,,,386632.0
161459,2021-10-24,1190.0,7.0,,,20705.0
161460,2021-10-25,1266.0,15.0,,,520946.0
161461,2021-10-26,1950.0,9.0,,,335564.0
161462,2021-10-27,2107.0,11.0,,,349941.0
161463,2021-10-28,2124.0,9.0,,,697035.0
161464,2021-10-29,2103.0,13.0,,,773355.0
161465,2021-10-30,2061.0,19.0,,,398848.0
161466,2021-10-31,1686.0,9.0,,,24615.0
161467,2021-11-01,1588.0,16.0,,,237717.0
161468,2021-11-02,2666.0,18.0,,,187880.0
161469,2021-11-03,2480.0,24.0,,,199372.0
161470,2021-11-04,2344.0,20.0,,,230811.0
161471,2021-11-05,2248.0,20.0,,,293583.0
161472,2021-11-06,2223.0,11.0,,,131351.0
161473,2021-11-07,1759.0,13.0,,,7511.0
161474,2021-11-08,1713.0,18.0,,,466038.0
161475,2021-11-09,2424.0,14.0,,,274248.0
161476,2021-11-10,2520.0,21.0,,,273024.0
161477,2021-11-11,2368.0,18.0,,,282324.0
161478,2021-11-12,2323.0,32.0,,,373881.0
161479,2021-11-13,2418.0,20.0,,,208115.0
161480,2021-11-14,2006.0,12.0,,,8190.0
161481,2021-11-15,2125.0,22.0,,,317172.0
161482,2021-11-16,3184.0,21.0,,,224057.0
161483,2021-11-17,3290.0,29.0,,,249117.0
161484,2021-11-18,3034.0,28.0,,,237931.0
161485,2021-11-19,3212.0,29.0,,,284582.0
161486,2021-11-20,3114.0,30.0,,,109008.0
161487,2021-11-21,2827.0,24.0,,,5967.0
161488,2021-11-22,2698.0,30.0,,,289287.0
161489,2021-11-23,4115.0,35.0,,,220091.0
161490,2021-11-24,3937.0,38.0,,,270656.0
161491,2021-11-25,3899.0,39.0,,,322377.0
161492,2021-11-26,4067.0,52.0,,,442703.0
161493,2021-11-27,3928.0,56.0,,,151787.0
161494,2021-11-28,3304.0,32.0,,,5921.0
161495,2021-11-29,3030.0,44.0,,,320133.0
161496,2021-11-30,5120.0,35.0,,,263478.0
161497,2021-12-01,5262.0,46.0,,,254610.0
161498,2021-12-02,4943.0,34.0,,,268713.0
161499,2021-12-03,5352.0,70.0,,,409166.0
161500,2021-12-04,5127.0,43.0,,,172667.0
161501,2021-12-05,4324.0,41.0,,,7906.0
161502,2021-12-06,4952.0,64.0,,,409443.0
161503,2021-12-07,7174.0,63.0,,,376995.0
161504,2021-12-08,7100.0,57.0,,,405760.0
161505,2021-12-09,7022.0,53.0,,,550899.0
161506,2021-12-10,6977.0,80.0,,,902242.0
161507,2021-12-11,6688.0,43.0,,,341817.0
161508,2021-12-12,5817.0,40.0,,,12580.0
161509,2021-12-13,5564.0,94.0,,,929976.0
161510,2021-12-14,7843.0,69.0,,,909071.0
161511,2021-12-15,7622.0,62.0,,,1080978.0
161512,2021-12-16,7434.0,73.0,,,1082916.0
161513,2021-12-17,7313.0,53.0,,,1381823.0
161514,2021-12-18,6234.0,78.0,,,644149.0
161515,2021-12-19,5316.0,54.0,,,38208.0
161516,2021-12-20,5201.0,52.0,,,1028712.0
161517,2021-12-21,7450.0,78.0,,,810896.0
161518,2021-12-22,6913.0,109.0,,,755949.0
161519,2021-12-23,6231.0,56.0,,,716501.0
161520,2021-12-24,5836.0,105.0,,,924903.0
161521,2021-12-25,5418.0,69.0,,,76031.0
161522,2021-12-26,4207.0,55.0,,,31033.0
161523,2021-12-27,3862.0,46.0,,,905599.0
161524,2021-12-28,5406.0,36.0,,,711118.0
161525,2021-12-29,5029.0,73.0,,,635882.0
161526,2021-12-30,4871.0,108.0,,,642330.0
161527,2021-12-31,4415.0,62.0,,,850714.0
161528,2022-01-01,3830.0,69.0,,,43860.0
161529,2022-01-02,3124.0,36.0,,,22278.0
161530,2022-01-03,3019.0,51.0,,,610359.0
161531,2022-01-04,4443.0,57.0,,,449311.0
161532,2022-01-05,4123.0,49.0,,,432052.0
161533,2022-01-06,3716.0,45.0,,,488575.0
161534,2022-01-07,3507.0,54.0,,,733753.0
161535,2022-01-08,3376.0,51.0,,,434904.0
161536,2022-01-09,2999.0,34.0,,,22136.0
161537,2022-01-10,3093.0,43.0,,,578961.0
161538,2022-01-11,4385.0,52.0,,,437842.0
161539,2022-01-12,4162.0,44.0,,,381727.0
161540,2022-01-13,4536.0,49.0,,,437289.0
161541,2022-01-14,4418.0,22.0,,,695116.0
161542,2022-01-15,4190.0,29.0,,,349206.0
161543,2022-01-16,3858.0,23.0,,,21448.0
161544,2022-01-17,4070.0,45.0,,,474184.0
161545,2022-01-18,5800.0,74.0,,,322112.0
161546,2022-01-19,6601.0,28.0,,,271871.0
161547,2022-01-20,6766.0,21.0,,,337677.0
161548,2022-01-21,7005.0,28.0,,,544659.0
161549,2022-01-22,7628.0,11.0,,,286504.0
161550,2022-01-23,7511.0,25.0,,,16561.0
161551,2022-01-24,8566.0,23.0,,,351167.0
161552,2022-01-25,13004.0,32.0,,,283375.0
161553,2022-01-26,14514.0,34.0,,,289902.0
161554,2022-01-27,16085.0,24.0,,,350668.0
161555,2022-01-28,17540.0,34.0,,,556410.0
161556,2022-01-29,17515.0,20.0,,,371403.0
161557,2022-01-30,17072.0,23.0,,,26988.0
161558,2022-01-31,18333.0,17.0,,,20961.0
161559,2022-02-01,20268.0,15.0,,,3262.0
161560,2022-02-02,22904.0,25.0,,,13919.0
161561,2022-02-03,27442.0,24.0,,,394104.0
161562,2022-02-04,36362.0,22.0,,,407846.0
161563,2022-02-05,38670.0,15.0,,,230001.0
161564,2022-02-06,35275.0,13.0,,,13451.0
161565,2022-02-07,36718.0,36.0,290320.0,,277589.0
161566,2022-02-08,49558.0,21.0,603600.0,0.4063,185585.0
161567,2022-02-09,54122.0,20.0,589150.0,0.2325,165368.0
161568,2022-02-10,53926.0,49.0,483257.0,0.1815,225867.0
161569,2022-02-11,54918.0,33.0,571473.0,0.1437,335823.0
161570,2022-02-12,56425.0,36.0,551773.0,0.1217,187596.0
161571,2022-02-13,54616.0,21.0,328417.0,0.1152,9989.0
161572,2022-02-14,57175.0,61.0,284433.0,0.1116,218280.0
161573,2022-02-15,90430.0,39.0,691591.0,0.1205,160305.0
161574,2022-02-16,93127.0,36.0,673409.0,0.1285,148197.0
161575,2022-02-17,109828.0,45.0,580624.0,0.1403,189140.0
161576,2022-02-18,102203.0,71.0,711493.0,0.1475,276032.0
161577,2022-02-19,104828.0,51.0,691301.0,0.1545,151839.0
161578,2022-02-20,95347.0,45.0,467614.0,0.1592,9189.0
161579,2022-02-21,99550.0,58.0,393323.0,0.1652,176062.0
161580,2022-02-22,171448.0,99.0,892309.0,0.17600000000000002,125981.0
161581,2022-02-23,170006.0,82.0,842625.0,0.1863,121195.0
161582,2022-02-24,165889.0,94.0,889816.0,0.18600000000000003,167514.0
161583,2022-02-25,166206.0,112.0,856010.0,0.1934,254667.0
161584,2022-02-26,163558.0,49.0,821672.0,0.1999,133608.0
161585,2022-02-27,139615.0,114.0,557018.0,0.2049,6839.0
161586,2022-02-28,138993.0,112.0,457234.0,0.2099,163455.0
161587,2022-03-01,219237.0,96.0,1068586.0,0.2118,5726.0
161588,2022-03-02,198802.0,128.0,550621.0,0.2292,83231.0
161589,2022-03-03,266838.0,186.0,855739.0,0.2503,85636.0
161590,2022-03-04,254326.0,216.0,871201.0,0.2666,130869.0
161591,2022-03-05,243612.0,161.0,837319.0,0.2812,62847.0
161592,2022-03-06,210713.0,139.0,563132.0,0.2945,2064.0
161593,2022-03-07,202714.0,186.0,502248.0,0.3041,91645.0
161594,2022-03-08,342427.0,158.0,1096021.0,0.3259,68246.0
161595,2022-03-09,327532.0,206.0,969753.0,0.3245,11356.0
161596,2022-03-10,282976.0,229.0,643444.0,0.34,90490.0
161597,2022-03-11,383651.0,269.0,1154325.0,0.3457,127757.0
161598,2022-03-12,350176.0,251.0,987638.0,0.355,47287.0
161599,2022-03-13,309769.0,200.0,704150.0,0.3631,990.0
161600,2022-03-14,362328.0,293.0,564374.0,0.3855,68663.0
161601,2022-03-15,400725.0,164.0,1022093.0,0.3998,53845.0
161602,2022-03-16,621317.0,429.0,716697.0,0.46799999999999997,53765.0
161603,2022-03-17,407017.0,301.0,609998.0,0.4922,65293.0
161604,2022-03-18,381329.0,319.0,673019.0,0.5367,103434.0
161605,2022-03-19,334708.0,327.0,594011.0,0.5768,36585.0
161606,2022-03-20,209169.0,329.0,380216.0,0.5957,651.0
161607,2022-03-21,353725.0,384.0,389419.0,0.6175,61370.0
161608,2022-03-22,490707.0,291.0,818479.0,0.6691,43739.0
161609,2022-03-23,395589.0,470.0,602067.0,0.6324,46347.0
161610,2022-03-24,339396.0,392.0,523847.0,0.6291,53704.0
161611,2022-03-25,335479.0,323.0,591044.0,0.6306,84861.0
161612,2022-03-26,318130.0,282.0,519986.0,0.6385,39289.0
161613,2022-03-27,187213.0,287.0,341798.0,0.6392,648.0
161614,2022-03-28,347374.0,237.0,336186.0,0.6466,49431.0
161615,2022-03-29,424528.0,432.0,697301.0,0.6499,32241.0
161616,2022-03-30,320675.0,375.0,484009.0,0.6505,35601.0
161617,2022-03-31,280187.0,360.0,413213.0,0.6542,45619.0
161618,2022-04-01,264097.0,339.0,475511.0,0.6555,64400.0
161619,2022-04-02,234301.0,306.0,398348.0,0.6542,29091.0
161620,2022-04-03,127190.0,218.0,250765.0,0.6541,396.0
161621,2022-04-04,265995.0,209.0,236261.0,0.6486,30742.0
161622,2022-04-05,286243.0,371.0,541009.0,0.6354,20265.0
161623,2022-04-06,224761.0,348.0,365840.0,0.6277,25581.0
161624,2022-04-07,205289.0,373.0,308999.0,0.624,30008.0
161625,2022-04-08,185495.0,338.0,377463.0,0.617,51133.0
161626,2022-04-09,164481.0,329.0,308613.0,0.6109,18582.0
161627,2022-04-10,90928.0,258.0,188709.0,0.6116,248.0
161628,2022-04-11,210676.0,171.0,177479.0,0.6031,19144.0
161629,2022-04-12,195370.0,184.0,421632.0,0.5943,14853.0
161630,2022-04-13,148417.0,318.0,270204.0,0.5848,20643.0
161631,2022-04-14,125808.0,264.0,214706.0,0.5724,50103.0
161632,2022-04-15,107882.0,273.0,280298.0,0.5606,102352.0
161633,2022-04-16,93001.0,203.0,217635.0,0.5489999999999999,27440.0
161634,2022-04-17,47743.0,132.0,111678.0,0.5485,346.0
161635,2022-04-18,118445.0,130.0,99020.0,0.518,62076.0
161636,2022-04-19,111280.0,166.0,316541.0,0.4984,64031.0
161637,2022-04-20,90825.0,147.0,203803.0,0.4814,75304.0
161638,2022-04-21,81010.0,206.0,155625.0,0.4696,72294.0
161639,2022-04-22,75414.0,151.0,235017.0,0.4612,156261.0
161640,2022-04-23,64725.0,109.0,177802.0,0.4536,40763.0
161641,2022-04-24,34370.0,110.0,91771.0,0.4502,584.0
161642,2022-04-25,80301.0,0.0,78556.0,0.4272,210343.0
161643,2022-04-26,76761.0,223.0,267536.0,0.41600000000000004,224835.0
161644,2022-04-27,0.0,0.0,175089.0,0.3492,230692.0
161645,2022-04-28,107990.0,258.0,119778.0,0.3837,212263.0
161646,2022-04-29,43262.0,70.0,200367.0,0.3667,395064.0
161647,2022-04-30,37771.0,81.0,149153.0,0.3515,83552.0
161648,2022-05-01,20084.0,83.0,76216.0,0.3433,1193.0
161649,2022-05-02,51020.0,49.0,57476.0,0.3222,167110.0
161650,2022-05-03,49038.0,72.0,222266.0,0.3091,181654.0
161651,2022-05-04,42277.0,79.0,147160.0,0.3614,162421.0
161652,2022-05-05,26714.0,48.0,133900.0,0.2739,3654.0
161653,2022-05-06,39552.0,83.0,58380.0,0.3155,254867.0
161654,2022-05-07,40064.0,71.0,208279.0,0.2974,50047.0
161655,2022-05-08,20601.0,40.0,71894.0,0.2994,641.0
161656,2022-05-09,49896.0,62.0,59807.0,0.2974,107620.0
161657,2022-05-10,43899.0,29.0,228307.0,0.2897,127501.0
161658,2022-05-11,35883.0,63.0,160852.0,0.2785,107193.0
161659,2022-05-12,32409.0,52.0,105445.0,0.2937,104812.0
161660,2022-05-13,29541.0,55.0,186144.0,0.2472,163786.0
161661,2022-05-14,25434.0,48.0,138555.0,0.2499,36875.0
161662,2022-05-15,13296.0,35.0,66428.0,0.2436,492.0
161663,2022-05-16,35072.0,27.0,52226.0,0.2298,63733.0
161664,2022-05-17,31315.0,31.0,214390.0,0.2196,76266.0
161665,2022-05-18,28105.0,40.0,157823.0,0.2119,64377.0
161666,2022-05-19,25108.0,43.0,95839.0,0.2061,61191.0
161667,2022-05-20,23442.0,26.0,185680.0,0.1995,104947.0
161668,2022-05-21,19298.0,54.0,136954.0,0.1931,24182.0
161669,2022-05-22,9975.0,22.0,64950.0,0.1898,317.0
161670,2022-05-23,26313.0,19.0,49748.0,0.1806,42546.0
161671,2022-05-24,23938.0,23.0,204088.0,0.1745,50696.0
161672,2022-05-25,18797.0,34.0,149501.0,0.1656,45238.0
161673,2022-05-26,16567.0,40.0,82634.0,0.1584,44601.0
161674,2022-05-27,14382.0,36.0,171830.0,0.1504,80332.0
161675,2022-05-28,12654.0,19.0,123776.0,0.1449,20485.0
161676,2022-05-29,6139.0,9.0,52153.0,0.1425,294.0
161677,2022-05-30,17176.0,9.0,38927.0,0.1333,32950.0
161678,2022-05-31,15777.0,21.0,188343.0,0.1257,34061.0
161679,2022-06-01,9898.0,15.0,147210.0,0.115,3459.0
161680,2022-06-02,12522.0,17.0,40341.0,0.1161,27600.0
161681,2022-06-03,12016.0,9.0,178956.0,0.11199999999999999,52207.0
161682,2022-06-04,9835.0,20.0,117480.0,0.1092,13608.0
161683,2022-06-05,5022.0,21.0,,,162.0
161684,2022-06-06,6172.0,20.0,,,979.0
161685,2022-06-07,13320.0,6.0,,,19901.0
